country_id,level,factor,measure,factor_rank
139,weak-linear,hdi,0.0,4
193,mid-linear,hdi,-0.4,4
0,mid-linear,hdi,-0.63,2
96,mid-linear,hdi,0.34,3
148,weak-linear,hdi,-0.14,5
218,weak-linear,hdi,-0.12,6
209,weak-linear,hdi,-0.2,5
150,weak-linear,hdi,-0.08,7
140,mid-linear,hdi,0.36,5
64,weak-linear,hdi,0.0,4
210,mid-linear,hdi,0.38,4
88,weak-linear,hdi,0.13,6
43,weak-linear,hdi,-0.22,5
38,mid-linear,hdi,-0.4,3
99,mid-linear,hdi,0.38,5
128,mid-linear,hdi,0.5,3
167,weak-linear,hdi,-0.02,7
8,mid-linear,hdi,-0.67,1
129,mid-linear,hdi,0.45,3
30,mid-linear,hdi,-0.52,4
113,weak-linear,hdi,-0.01,7
31,mid-linear,hdi,-0.36,4
100,weak-linear,hdi,-0.18,6
122,strong-linear,hdi,-0.7,3
101,mid-linear,hdi,0.36,3
33,weak-linear,hdi,0.0,4
89,mid-linear,hdi,-0.36,6
196,mid-linear,hdi,-0.33,3
68,weak-linear,hdi,0.02,6
151,mid-linear,hdi,-0.36,4
168,weak-linear,hdi,-0.0,4
180,mid-linear,hdi,-0.56,3
71,mid-linear,hdi,-0.37,4
102,weak-linear,hdi,0.1,6
1,weak-linear,hdi,0.03,7
90,strong-linear,hdi,0.73,4
181,weak-linear,hdi,-0.12,4
39,mid-linear,hdi,0.64,2
224,weak-linear,hdi,-0.25,5
183,weak-linear,hdi,-0.2,7
211,mid-linear,hdi,-0.6,2
36,mid-linear,hdi,-0.34,3
47,mid-linear,hdi,0.37,4
212,mid-linear,hdi,-0.64,2
48,weak-linear,hdi,-0.25,6
198,weak-linear,hdi,-0.25,6
91,weak-linear,hdi,0.25,4
49,weak-linear,hdi,0.19,6
105,mid-linear,hdi,0.39,4
74,weak-linear,hdi,0.05,6
92,weak-linear,hdi,0.22,5
169,mid-linear,hdi,-0.41,2
184,mid-linear,hdi,-0.3,2
142,mid-linear,hdi,-0.36,4
130,weak-linear,hdi,0.01,7
153,mid-linear,hdi,-0.31,5
185,mid-linear,hdi,-0.33,3
154,weak-linear,hdi,-0.25,3
200,strong-linear,hdi,-0.83,3
75,weak-linear,hdi,-0.29,5
125,weak-linear,hdi,-0.07,7
155,weak-linear,hdi,-0.0,4
117,weak-linear,hdi,-0.23,5
14,mid-linear,hdi,-0.35,3
156,weak-linear,hdi,-0.13,6
118,weak-linear,hdi,-0.0,4
131,weak-linear,hdi,0.0,5
187,weak-linear,hdi,0.05,7
40,weak-linear,hdi,0.0,4
2,weak-linear,hdi,0.0,4
188,weak-linear,hdi,-0.03,7
214,weak-linear,hdi,0.0,4
16,weak-linear,hdi,0.02,7
132,mid-linear,hdi,0.41,4
52,weak-linear,hdi,0.0,4
201,weak-linear,hdi,-0.28,5
53,mid-linear,hdi,0.46,5
17,weak-linear,hdi,0.16,5
93,weak-linear,hdi,0.13,7
126,weak-linear,hdi,-0.21,7
3,mid-linear,hdi,-0.46,3
19,mid-linear,hdi,0.39,3
133,mid-linear,hdi,0.45,3
41,mid-linear,hdi,-0.5,3
145,weak-linear,hdi,-0.1,7
216,weak-linear,hdi,-0.16,5
222,mid-linear,hdi,-0.51,3
94,mid-linear,hdi,0.69,3
54,weak-linear,hdi,-0.06,7
189,weak-linear,hdi,-0.13,6
146,weak-linear,hdi,0.26,3
95,mid-linear,hdi,0.55,2
226,mid-linear,hdi,0.49,2
106,weak-linear,hdi,0.26,4
107,weak-linear,hdi,0.25,6
134,weak-linear,hdi,-0.09,7
170,mid-linear,hdi,-0.36,4
204,mid-linear,hdi,0.62,2
159,weak-linear,hdi,0.0,4
172,weak-linear,hdi,-0.11,6
173,mid-linear,hdi,0.39,3
21,weak-linear,hdi,-0.16,7
242,weak-linear,hdi,-0.04,6
37,weak-linear,hdi,0.18,3
160,weak-linear,hdi,-0.0,4
57,weak-linear,hdi,-0.14,7
206,weak-linear,hdi,0.14,5
58,weak-linear,hdi,-0.17,5
135,weak-linear,hdi,0.26,2
174,weak-linear,hdi,-0.0,4
207,weak-linear,hdi,-0.05,7
42,weak-linear,hdi,-0.21,5
208,strong-linear,hdi,-0.74,2
147,weak-linear,hdi,0.15,5
4,weak-linear,hdi,-0.0,4
191,weak-linear,hdi,0.02,6
217,mid-linear,hdi,-0.39,4
162,mid-linear,hdi,-0.33,4
119,mid-linear,hdi,0.33,4
136,mid-linear,hdi,-0.46,3
59,weak-linear,hdi,-0.23,6
244,weak-linear,hdi,0.0,4
85,weak-linear,hdi,0.24,3
5,strong-linear,hdi,-0.81,1
163,weak-linear,hdi,-0.23,5
25,weak-linear,hdi,0.25,5
175,mid-linear,hdi,0.4,3
164,weak-linear,hdi,-0.24,3
192,mid-linear,hdi,-0.66,2
116,weak-linear,hdi,-0.26,6
110,weak-linear,hdi,-0.14,6
138,weak-linear,hdi,-0.0,5
165,weak-linear,hdi,-0.0,4
27,weak-linear,hdi,-0.02,7
28,weak-linear,hdi,0.21,3
62,weak-linear,hdi,0.0,6
29,weak-linear,hdi,0.0,7
194,weak-linear,hdi,0.0,7
237,weak-linear,hdi,0.0,5
61,weak-linear,hdi,0.0,6
149,weak-linear,hdi,0.0,7
44,weak-linear,hdi,0.0,7
63,weak-linear,hdi,0.0,4
195,weak-linear,hdi,0.0,7
166,weak-linear,hdi,0.0,7
112,weak-linear,hdi,0.0,4
141,weak-linear,hdi,0.0,7
9,weak-linear,hdi,0.0,7
45,weak-linear,hdi,0.0,6
67,weak-linear,hdi,0.0,6
10,weak-linear,hdi,0.0,7
70,weak-linear,hdi,0.0,7
11,weak-linear,hdi,0.0,6
12,weak-linear,hdi,0.0,7
182,weak-linear,hdi,0.0,4
152,weak-linear,hdi,0.0,7
197,weak-linear,hdi,0.0,5
50,weak-linear,hdi,0.0,7
35,weak-linear,hdi,0.0,7
72,weak-linear,hdi,0.0,4
114,weak-linear,hdi,0.0,4
229,weak-linear,hdi,0.0,6
186,weak-linear,hdi,0.0,6
230,weak-linear,hdi,0.0,7
157,weak-linear,hdi,0.0,7
51,weak-linear,hdi,0.0,7
213,weak-linear,hdi,0.0,6
215,weak-linear,hdi,0.0,5
15,weak-linear,hdi,0.0,7
144,weak-linear,hdi,0.0,6
231,weak-linear,hdi,0.0,7
203,weak-linear,hdi,0.0,7
202,weak-linear,hdi,0.0,7
234,weak-linear,hdi,0.0,6
225,weak-linear,hdi,0.0,6
55,weak-linear,hdi,0.0,7
233,weak-linear,hdi,0.0,7
158,weak-linear,hdi,0.0,7
235,weak-linear,hdi,0.0,7
78,weak-linear,hdi,0.0,6
239,weak-linear,hdi,0.0,6
227,weak-linear,hdi,0.0,7
205,weak-linear,hdi,0.0,4
23,weak-linear,hdi,0.0,6
24,weak-linear,hdi,0.0,7
109,weak-linear,hdi,0.0,7
22,weak-linear,hdi,0.0,4
86,weak-linear,hdi,0.0,4
32,weak-linear,hdi,0.0,7
120,weak-linear,hdi,0.0,7
137,weak-linear,hdi,0.0,6
245,weak-linear,hdi,0.0,7
121,weak-linear,hdi,0.0,7
66,weak-linear,hdi,0.0,6
228,weak-linear,hdi,0.0,6
34,weak-linear,hdi,0.0,4
238,weak-linear,hdi,0.0,5
80,weak-linear,hdi,0.0,4
127,weak-linear,hdi,0.0,4
81,weak-linear,hdi,0.0,4
171,weak-linear,hdi,0.0,4
240,weak-linear,hdi,0.0,4
124,weak-linear,hdi,0.0,4
161,weak-linear,hdi,0.0,4
26,weak-linear,hdi,0.0,5
83,weak-linear,hdi,0.0,4
87,weak-linear,hdi,0.0,4
139,weak-linear,inflation,0.0,4
193,weak-linear,inflation,0.09,7
0,mid-linear,inflation,-0.4,3
96,weak-linear,inflation,0.0,7
148,weak-linear,inflation,0.27,4
218,mid-linear,inflation,-0.41,4
209,mid-linear,inflation,-0.46,3
150,weak-linear,inflation,0.17,4
140,mid-linear,inflation,-0.35,6
64,weak-linear,inflation,-0.0,4
210,weak-linear,inflation,-0.03,7
88,weak-linear,inflation,-0.0,7
43,mid-linear,inflation,0.31,4
38,strong-linear,inflation,0.81,1
99,mid-linear,inflation,0.52,2
128,mid-linear,inflation,0.5,3
167,mid-linear,inflation,-0.52,3
8,weak-linear,inflation,-0.26,4
129,weak-linear,inflation,0.28,4
30,weak-linear,inflation,0.25,6
113,weak-linear,inflation,0.26,3
31,weak-linear,inflation,-0.0,7
100,mid-linear,inflation,-0.56,2
122,mid-linear,inflation,-0.42,5
101,strong-linear,inflation,0.89,1
33,strong-linear,inflation,-1.0,1
89,mid-linear,inflation,-0.57,2
196,mid-linear,inflation,-0.49,2
68,weak-linear,inflation,0.0,7
151,mid-linear,inflation,-0.64,2
168,strong-linear,inflation,-1.0,1
180,strong-linear,inflation,-0.7,2
71,mid-linear,inflation,-0.33,6
102,mid-linear,inflation,0.4,2
1,mid-linear,inflation,-0.31,2
90,strong-linear,inflation,0.76,3
181,mid-linear,inflation,-0.44,2
39,mid-linear,inflation,-0.57,4
224,weak-linear,inflation,-0.26,4
183,mid-linear,inflation,-0.4,4
211,mid-linear,inflation,-0.49,4
36,weak-linear,inflation,0.01,5
47,weak-linear,inflation,-0.1,7
212,mid-linear,inflation,-0.58,3
48,mid-linear,inflation,0.54,2
198,strong-linear,inflation,-0.86,1
91,mid-linear,inflation,0.67,2
49,mid-linear,inflation,-0.39,3
105,strong-linear,inflation,0.76,2
74,weak-linear,inflation,0.12,5
92,strong-linear,inflation,0.82,3
169,strong-linear,inflation,-0.92,1
184,weak-linear,inflation,0.05,6
142,mid-linear,inflation,-0.43,3
130,mid-linear,inflation,-0.48,2
153,mid-linear,inflation,-0.59,2
185,mid-linear,inflation,-0.41,1
154,mid-linear,inflation,-0.54,1
200,strong-linear,inflation,-0.84,2
75,mid-linear,inflation,-0.48,3
125,weak-linear,inflation,0.17,4
155,weak-linear,inflation,0.0,4
117,weak-linear,inflation,-0.12,6
14,mid-linear,inflation,0.43,2
156,weak-linear,inflation,0.15,5
118,strong-linear,inflation,1.0,1
131,strong-linear,inflation,1.0,1
187,mid-linear,inflation,-0.32,2
40,weak-linear,inflation,-0.0,4
2,weak-linear,inflation,0.0,4
188,mid-linear,inflation,-0.36,2
214,weak-linear,inflation,0.0,4
16,mid-linear,inflation,0.43,3
132,mid-linear,inflation,0.51,3
52,weak-linear,inflation,0.0,4
201,mid-linear,inflation,-0.41,3
53,mid-linear,inflation,0.51,3
17,mid-linear,inflation,0.53,3
93,weak-linear,inflation,-0.16,4
126,mid-linear,inflation,0.38,4
3,mid-linear,inflation,-0.58,2
19,mid-linear,inflation,-0.52,2
133,mid-linear,inflation,0.57,2
41,strong-linear,inflation,0.72,1
145,mid-linear,inflation,-0.3,6
216,mid-linear,inflation,-0.48,2
222,weak-linear,inflation,0.04,7
94,mid-linear,inflation,-0.39,6
54,weak-linear,inflation,0.17,5
189,weak-linear,inflation,0.07,7
146,weak-linear,inflation,0.15,5
95,weak-linear,inflation,-0.13,6
226,mid-linear,inflation,0.34,5
106,strong-linear,inflation,0.8,2
107,mid-linear,inflation,0.38,4
134,mid-linear,inflation,0.66,3
170,strong-linear,inflation,-0.71,1
204,mid-linear,inflation,0.65,1
159,weak-linear,inflation,-0.0,4
172,mid-linear,inflation,-0.48,2
173,mid-linear,inflation,-0.38,4
21,mid-linear,inflation,0.4,4
242,weak-linear,inflation,0.21,5
37,weak-linear,inflation,0.19,2
160,weak-linear,inflation,-0.0,4
57,weak-linear,inflation,0.24,4
206,mid-linear,inflation,-0.51,2
58,strong-linear,inflation,-0.82,2
135,weak-linear,inflation,0.15,3
174,strong-linear,inflation,1.0,1
207,mid-linear,inflation,-0.69,1
42,mid-linear,inflation,0.59,2
208,strong-linear,inflation,-0.74,2
147,weak-linear,inflation,0.24,3
4,weak-linear,inflation,0.0,4
191,mid-linear,inflation,-0.47,2
217,mid-linear,inflation,-0.67,3
162,mid-linear,inflation,0.69,2
119,weak-linear,inflation,-0.28,5
136,mid-linear,inflation,-0.43,4
59,mid-linear,inflation,0.35,4
244,weak-linear,inflation,-0.0,4
85,weak-linear,inflation,0.27,2
5,weak-linear,inflation,0.07,6
163,strong-linear,inflation,-0.79,1
25,weak-linear,inflation,0.26,3
175,mid-linear,inflation,-0.37,4
164,weak-linear,inflation,-0.1,4
192,mid-linear,inflation,-0.48,5
116,mid-linear,inflation,-0.51,3
110,mid-linear,inflation,-0.69,2
138,strong-linear,inflation,-1.0,1
165,strong-linear,inflation,-1.0,1
27,mid-linear,inflation,0.46,3
28,weak-linear,inflation,0.29,2
62,mid-linear,inflation,0.53,1
29,mid-linear,inflation,0.56,2
194,strong-linear,inflation,0.96,1
237,weak-linear,inflation,0.0,5
61,weak-linear,inflation,-0.01,5
149,weak-linear,inflation,-0.21,5
44,mid-linear,inflation,0.31,4
63,weak-linear,inflation,-0.0,4
195,mid-linear,inflation,-0.38,3
166,mid-linear,inflation,-0.4,3
112,weak-linear,inflation,0.0,4
141,weak-linear,inflation,0.16,4
9,mid-linear,inflation,0.59,3
45,weak-linear,inflation,-0.12,3
67,mid-linear,inflation,-0.36,2
10,weak-linear,inflation,0.04,5
70,weak-linear,inflation,0.14,2
11,weak-linear,inflation,0.0,6
12,mid-linear,inflation,-0.41,4
182,weak-linear,inflation,0.0,4
152,weak-linear,inflation,-0.27,5
197,strong-linear,inflation,1.0,1
50,strong-linear,inflation,0.72,2
35,weak-linear,inflation,0.27,5
72,weak-linear,inflation,0.0,4
114,weak-linear,inflation,0.0,4
229,weak-linear,inflation,-0.14,5
186,weak-linear,inflation,0.04,4
230,mid-linear,inflation,0.32,2
157,mid-linear,inflation,0.46,3
51,mid-linear,inflation,0.64,3
213,weak-linear,inflation,0.16,4
215,strong-linear,inflation,1.0,1
15,mid-linear,inflation,0.47,3
144,weak-linear,inflation,-0.2,2
231,mid-linear,inflation,0.48,3
203,weak-linear,inflation,-0.28,3
202,weak-linear,inflation,0.24,3
234,strong-linear,inflation,-0.88,2
225,weak-linear,inflation,0.02,5
55,mid-linear,inflation,0.54,3
233,mid-linear,inflation,-0.54,3
158,mid-linear,inflation,0.46,3
235,mid-linear,inflation,0.49,1
78,weak-linear,inflation,-0.04,5
239,weak-linear,inflation,-0.0,6
227,strong-linear,inflation,0.74,2
205,weak-linear,inflation,-0.0,4
23,weak-linear,inflation,0.0,6
24,weak-linear,inflation,-0.25,3
109,mid-linear,inflation,0.39,2
22,weak-linear,inflation,-0.0,4
86,weak-linear,inflation,0.0,4
32,weak-linear,inflation,0.22,4
120,strong-linear,inflation,0.79,1
137,weak-linear,inflation,-0.01,5
245,strong-linear,inflation,0.7,3
121,weak-linear,inflation,0.08,5
66,weak-linear,inflation,-0.04,3
228,mid-linear,inflation,-0.63,1
34,weak-linear,inflation,0.0,4
238,strong-linear,inflation,1.0,1
80,weak-linear,inflation,0.0,4
127,weak-linear,inflation,0.0,4
81,weak-linear,inflation,0.0,4
171,weak-linear,inflation,0.0,4
240,weak-linear,inflation,0.0,4
124,weak-linear,inflation,0.0,4
161,weak-linear,inflation,0.0,4
26,strong-linear,inflation,1.0,1
83,strong-linear,inflation,-1.0,1
87,weak-linear,inflation,0.0,4
139,weak-linear,infant_mortality,-0.0,4
193,mid-linear,infant_mortality,0.4,4
0,weak-linear,infant_mortality,0.08,6
96,weak-linear,infant_mortality,0.25,4
148,weak-linear,infant_mortality,0.02,7
218,weak-linear,infant_mortality,0.06,7
209,strong-linear,infant_mortality,0.78,1
150,mid-linear,infant_mortality,0.6,2
140,weak-linear,infant_mortality,-0.2,7
64,weak-linear,infant_mortality,0.0,4
210,mid-linear,infant_mortality,-0.45,1
88,weak-linear,infant_mortality,-0.15,5
43,strong-linear,infant_mortality,-0.8,1
38,weak-linear,infant_mortality,-0.28,4
99,mid-linear,infant_mortality,-0.39,4
128,strong-linear,infant_mortality,-0.75,2
167,mid-linear,infant_mortality,-0.56,2
8,mid-linear,infant_mortality,0.42,3
129,weak-linear,infant_mortality,0.06,6
30,strong-linear,infant_mortality,0.84,2
113,mid-linear,infant_mortality,-0.46,2
31,strong-linear,infant_mortality,0.78,2
100,mid-linear,infant_mortality,0.6,1
122,mid-linear,infant_mortality,-0.57,4
101,weak-linear,infant_mortality,-0.26,6
33,weak-linear,infant_mortality,-0.0,4
89,mid-linear,infant_mortality,0.36,6
196,mid-linear,infant_mortality,0.55,1
68,strong-linear,infant_mortality,0.92,1
151,weak-linear,infant_mortality,-0.26,5
168,weak-linear,infant_mortality,0.0,4
180,strong-linear,infant_mortality,0.73,1
71,strong-linear,infant_mortality,0.76,2
102,mid-linear,infant_mortality,-0.5,1
1,weak-linear,infant_mortality,-0.15,6
90,strong-linear,infant_mortality,-0.72,5
181,weak-linear,infant_mortality,-0.29,3
39,mid-linear,infant_mortality,-0.59,3
224,strong-linear,infant_mortality,0.84,1
183,strong-linear,infant_mortality,0.74,1
211,strong-linear,infant_mortality,0.92,1
36,mid-linear,infant_mortality,0.59,2
47,mid-linear,infant_mortality,-0.43,3
212,strong-linear,infant_mortality,0.91,1
48,mid-linear,infant_mortality,0.53,3
198,mid-linear,infant_mortality,0.49,4
91,mid-linear,infant_mortality,-0.35,3
49,strong-linear,infant_mortality,-0.77,1
105,weak-linear,infant_mortality,-0.04,7
74,weak-linear,infant_mortality,-0.01,7
92,mid-linear,infant_mortality,-0.6,4
169,weak-linear,infant_mortality,0.18,7
184,mid-linear,infant_mortality,0.69,1
142,mid-linear,infant_mortality,-0.58,2
130,weak-linear,infant_mortality,0.24,3
153,mid-linear,infant_mortality,-0.61,1
185,weak-linear,infant_mortality,0.16,6
154,weak-linear,infant_mortality,0.14,5
200,strong-linear,infant_mortality,0.85,1
75,weak-linear,infant_mortality,0.16,7
125,mid-linear,infant_mortality,0.49,2
155,weak-linear,infant_mortality,-0.0,4
117,mid-linear,infant_mortality,0.36,3
14,weak-linear,infant_mortality,-0.29,4
156,mid-linear,infant_mortality,0.3,3
118,weak-linear,infant_mortality,-0.0,4
131,weak-linear,infant_mortality,-0.0,5
187,mid-linear,infant_mortality,-0.64,1
40,weak-linear,infant_mortality,0.0,4
2,weak-linear,infant_mortality,0.0,4
188,weak-linear,infant_mortality,-0.17,5
214,weak-linear,infant_mortality,0.0,4
16,weak-linear,infant_mortality,0.15,5
132,mid-linear,infant_mortality,-0.67,2
52,weak-linear,infant_mortality,0.0,4
201,mid-linear,infant_mortality,0.3,4
53,strong-linear,infant_mortality,0.71,2
17,mid-linear,infant_mortality,-0.5,4
93,strong-linear,infant_mortality,-0.96,1
126,mid-linear,infant_mortality,0.44,2
3,weak-linear,infant_mortality,0.12,5
19,weak-linear,infant_mortality,-0.24,7
133,weak-linear,infant_mortality,0.16,6
41,weak-linear,infant_mortality,0.16,5
145,mid-linear,infant_mortality,0.39,4
216,mid-linear,infant_mortality,0.36,3
222,strong-linear,infant_mortality,0.82,2
94,mid-linear,infant_mortality,-0.45,4
54,weak-linear,infant_mortality,0.12,6
189,weak-linear,infant_mortality,0.28,3
146,weak-linear,infant_mortality,-0.05,6
95,mid-linear,infant_mortality,0.55,2
226,mid-linear,infant_mortality,0.38,4
106,weak-linear,infant_mortality,0.01,7
107,mid-linear,infant_mortality,-0.69,2
134,strong-linear,infant_mortality,-0.88,1
170,mid-linear,infant_mortality,0.47,3
204,mid-linear,infant_mortality,-0.3,4
159,weak-linear,infant_mortality,0.0,4
172,mid-linear,infant_mortality,-0.43,3
173,mid-linear,infant_mortality,-0.57,1
21,strong-linear,infant_mortality,0.77,2
242,weak-linear,infant_mortality,-0.28,2
37,weak-linear,infant_mortality,-0.18,3
160,weak-linear,infant_mortality,0.0,4
57,mid-linear,infant_mortality,0.44,2
206,mid-linear,infant_mortality,0.67,1
58,mid-linear,infant_mortality,0.58,3
135,weak-linear,infant_mortality,0.06,5
174,weak-linear,infant_mortality,-0.0,4
207,mid-linear,infant_mortality,0.54,3
42,weak-linear,infant_mortality,0.29,4
208,strong-linear,infant_mortality,0.79,1
147,weak-linear,infant_mortality,0.19,4
4,weak-linear,infant_mortality,0.0,4
191,mid-linear,infant_mortality,0.54,1
217,strong-linear,infant_mortality,0.8,1
162,strong-linear,infant_mortality,0.9,1
119,mid-linear,infant_mortality,0.62,3
136,weak-linear,infant_mortality,0.21,6
59,mid-linear,infant_mortality,0.49,2
244,weak-linear,infant_mortality,-0.0,4
85,mid-linear,infant_mortality,0.67,1
5,strong-linear,infant_mortality,0.79,2
163,weak-linear,infant_mortality,0.06,7
25,mid-linear,infant_mortality,0.37,2
175,mid-linear,infant_mortality,-0.55,2
164,strong-linear,infant_mortality,0.83,1
192,mid-linear,infant_mortality,0.61,4
116,mid-linear,infant_mortality,0.67,2
110,weak-linear,infant_mortality,0.21,5
138,weak-linear,infant_mortality,0.0,5
165,weak-linear,infant_mortality,0.0,4
27,weak-linear,infant_mortality,-0.22,6
28,weak-linear,infant_mortality,-0.04,4
62,weak-linear,infant_mortality,0.0,6
29,mid-linear,infant_mortality,0.44,3
194,strong-linear,infant_mortality,-0.94,2
237,weak-linear,infant_mortality,0.0,5
61,strong-linear,infant_mortality,0.76,2
149,mid-linear,infant_mortality,-0.42,2
44,mid-linear,infant_mortality,0.6,3
63,weak-linear,infant_mortality,0.0,4
195,weak-linear,infant_mortality,-0.03,6
166,mid-linear,infant_mortality,-0.51,1
112,weak-linear,infant_mortality,0.0,4
141,mid-linear,infant_mortality,-0.48,2
9,weak-linear,infant_mortality,0.2,4
45,strong-linear,infant_mortality,0.76,1
67,weak-linear,infant_mortality,0.0,6
10,weak-linear,infant_mortality,0.25,2
70,weak-linear,infant_mortality,0.13,3
11,weak-linear,infant_mortality,-0.29,1
12,strong-linear,infant_mortality,0.78,2
182,weak-linear,infant_mortality,0.0,4
152,mid-linear,infant_mortality,-0.3,4
197,weak-linear,infant_mortality,0.0,5
50,mid-linear,infant_mortality,0.36,4
35,mid-linear,infant_mortality,0.62,1
72,weak-linear,infant_mortality,0.0,4
114,weak-linear,infant_mortality,0.0,4
229,weak-linear,infant_mortality,0.0,6
186,weak-linear,infant_mortality,0.0,6
230,mid-linear,infant_mortality,0.69,1
157,strong-linear,infant_mortality,0.83,1
51,strong-linear,infant_mortality,-0.79,2
213,weak-linear,infant_mortality,0.0,6
215,weak-linear,infant_mortality,-0.0,5
15,mid-linear,infant_mortality,-0.33,4
144,weak-linear,infant_mortality,-0.08,3
231,mid-linear,infant_mortality,0.62,2
203,weak-linear,infant_mortality,-0.08,5
202,strong-linear,infant_mortality,-0.8,2
234,weak-linear,infant_mortality,0.0,6
225,weak-linear,infant_mortality,0.0,6
55,weak-linear,infant_mortality,0.1,4
233,strong-linear,infant_mortality,0.72,2
158,mid-linear,infant_mortality,0.63,2
235,weak-linear,infant_mortality,0.24,3
78,weak-linear,infant_mortality,0.0,6
239,weak-linear,infant_mortality,0.0,6
227,weak-linear,infant_mortality,0.23,4
205,weak-linear,infant_mortality,-0.0,4
23,mid-linear,infant_mortality,0.67,1
24,strong-linear,infant_mortality,0.75,1
109,strong-linear,infant_mortality,-0.97,1
22,weak-linear,infant_mortality,0.0,4
86,weak-linear,infant_mortality,0.0,4
32,mid-linear,infant_mortality,0.58,2
120,mid-linear,infant_mortality,0.53,2
137,mid-linear,infant_mortality,-0.58,1
245,strong-linear,infant_mortality,0.93,1
121,strong-linear,infant_mortality,0.77,1
66,weak-linear,infant_mortality,0.0,6
228,weak-linear,infant_mortality,-0.21,4
34,weak-linear,infant_mortality,0.0,4
238,weak-linear,infant_mortality,0.0,5
80,weak-linear,infant_mortality,0.0,4
127,weak-linear,infant_mortality,0.0,4
81,weak-linear,infant_mortality,0.0,4
171,weak-linear,infant_mortality,0.0,4
240,weak-linear,infant_mortality,0.0,4
124,weak-linear,infant_mortality,0.0,4
161,weak-linear,infant_mortality,0.0,4
26,weak-linear,infant_mortality,-0.0,5
83,weak-linear,infant_mortality,0.0,4
87,weak-linear,infant_mortality,0.0,4
139,weak-linear,gdp,-0.0,4
193,mid-linear,gdp,-0.31,6
0,weak-linear,gdp,-0.09,5
96,weak-linear,gdp,0.03,6
148,weak-linear,gdp,-0.14,5
218,mid-linear,gdp,-0.44,3
209,weak-linear,gdp,-0.15,6
150,weak-linear,gdp,-0.17,4
140,mid-linear,gdp,-0.6,4
64,weak-linear,gdp,0.0,4
210,weak-linear,gdp,-0.12,5
88,mid-linear,gdp,0.48,2
43,weak-linear,gdp,0.04,6
38,weak-linear,gdp,0.11,6
99,weak-linear,gdp,-0.02,7
128,weak-linear,gdp,0.09,6
167,weak-linear,gdp,0.19,5
8,weak-linear,gdp,-0.23,6
129,weak-linear,gdp,-0.05,7
30,weak-linear,gdp,-0.21,7
113,weak-linear,gdp,0.11,6
31,weak-linear,gdp,-0.22,6
100,mid-linear,gdp,-0.34,4
122,weak-linear,gdp,-0.16,6
101,weak-linear,gdp,0.27,5
33,weak-linear,gdp,0.0,4
89,mid-linear,gdp,-0.37,5
196,weak-linear,gdp,0.25,5
68,weak-linear,gdp,0.26,3
151,weak-linear,gdp,-0.16,7
168,weak-linear,gdp,0.0,4
180,weak-linear,gdp,-0.19,6
71,mid-linear,gdp,-0.37,4
102,weak-linear,gdp,-0.1,6
1,weak-linear,gdp,0.16,5
90,mid-linear,gdp,0.62,6
181,weak-linear,gdp,0.02,7
39,weak-linear,gdp,-0.17,7
224,weak-linear,gdp,-0.11,7
183,weak-linear,gdp,0.27,5
211,weak-linear,gdp,-0.13,7
36,weak-linear,gdp,-0.0,7
47,weak-linear,gdp,0.11,6
212,weak-linear,gdp,-0.06,7
48,weak-linear,gdp,-0.21,7
198,mid-linear,gdp,-0.31,5
91,weak-linear,gdp,0.23,5
49,weak-linear,gdp,-0.23,5
105,weak-linear,gdp,0.07,6
74,weak-linear,gdp,0.13,4
92,weak-linear,gdp,0.16,6
169,weak-linear,gdp,-0.28,5
184,weak-linear,gdp,-0.07,5
142,weak-linear,gdp,0.16,6
130,weak-linear,gdp,0.12,5
153,mid-linear,gdp,-0.45,3
185,weak-linear,gdp,-0.11,7
154,weak-linear,gdp,0.15,4
200,weak-linear,gdp,-0.08,7
75,weak-linear,gdp,-0.24,6
125,weak-linear,gdp,0.08,5
155,weak-linear,gdp,-0.0,4
117,mid-linear,gdp,-0.43,1
14,weak-linear,gdp,-0.02,6
156,weak-linear,gdp,-0.01,7
118,weak-linear,gdp,0.0,4
131,weak-linear,gdp,0.0,5
187,weak-linear,gdp,0.22,4
40,weak-linear,gdp,-0.0,4
2,weak-linear,gdp,0.0,4
188,weak-linear,gdp,0.15,6
214,weak-linear,gdp,0.0,4
16,weak-linear,gdp,-0.15,5
132,weak-linear,gdp,0.03,6
52,weak-linear,gdp,0.0,4
201,weak-linear,gdp,-0.17,7
53,weak-linear,gdp,-0.0,7
17,weak-linear,gdp,0.12,6
93,weak-linear,gdp,0.14,5
126,mid-linear,gdp,-0.34,6
3,weak-linear,gdp,-0.07,7
19,mid-linear,gdp,-0.3,5
133,weak-linear,gdp,-0.2,5
41,weak-linear,gdp,0.18,4
145,mid-linear,gdp,0.36,5
216,weak-linear,gdp,-0.08,7
222,weak-linear,gdp,0.09,6
94,mid-linear,gdp,0.41,5
54,mid-linear,gdp,-0.4,2
189,mid-linear,gdp,-0.42,2
146,weak-linear,gdp,0.18,4
95,weak-linear,gdp,0.15,5
226,weak-linear,gdp,0.02,7
106,weak-linear,gdp,0.06,6
107,weak-linear,gdp,0.23,7
134,weak-linear,gdp,-0.17,6
170,mid-linear,gdp,-0.34,5
204,weak-linear,gdp,0.11,6
159,weak-linear,gdp,-0.0,4
172,weak-linear,gdp,-0.03,7
173,weak-linear,gdp,0.1,6
21,mid-linear,gdp,-0.3,6
242,weak-linear,gdp,0.26,4
37,weak-linear,gdp,-0.12,6
160,weak-linear,gdp,0.0,4
57,weak-linear,gdp,-0.22,5
206,weak-linear,gdp,0.07,6
58,weak-linear,gdp,0.09,6
135,weak-linear,gdp,-0.0,7
174,weak-linear,gdp,0.0,4
207,weak-linear,gdp,0.25,4
42,weak-linear,gdp,0.15,7
208,weak-linear,gdp,-0.05,7
147,weak-linear,gdp,-0.08,7
4,weak-linear,gdp,0.0,4
191,weak-linear,gdp,-0.16,5
217,weak-linear,gdp,0.01,7
162,weak-linear,gdp,0.03,6
119,weak-linear,gdp,0.17,6
136,weak-linear,gdp,0.17,7
59,mid-linear,gdp,-0.35,4
244,weak-linear,gdp,-0.0,4
85,weak-linear,gdp,0.16,7
5,mid-linear,gdp,-0.39,5
163,weak-linear,gdp,-0.16,6
25,weak-linear,gdp,-0.12,7
175,weak-linear,gdp,0.15,6
164,weak-linear,gdp,0.06,6
192,weak-linear,gdp,-0.25,7
116,mid-linear,gdp,-0.38,4
110,weak-linear,gdp,-0.25,4
138,weak-linear,gdp,0.0,5
165,weak-linear,gdp,0.0,4
27,mid-linear,gdp,0.31,4
28,weak-linear,gdp,-0.03,5
62,weak-linear,gdp,-0.04,4
29,weak-linear,gdp,-0.09,5
194,weak-linear,gdp,0.02,6
237,weak-linear,gdp,0.01,2
61,weak-linear,gdp,0.24,4
149,mid-linear,gdp,-0.39,3
44,weak-linear,gdp,-0.18,6
63,weak-linear,gdp,-0.0,4
195,weak-linear,gdp,-0.16,4
166,weak-linear,gdp,0.13,5
112,weak-linear,gdp,0.0,4
141,weak-linear,gdp,-0.05,5
9,weak-linear,gdp,-0.16,6
45,weak-linear,gdp,-0.03,5
67,weak-linear,gdp,-0.08,4
10,weak-linear,gdp,-0.02,6
70,weak-linear,gdp,-0.02,6
11,weak-linear,gdp,-0.03,4
12,weak-linear,gdp,-0.07,5
182,weak-linear,gdp,-0.0,4
152,weak-linear,gdp,0.22,6
197,weak-linear,gdp,0.0,5
50,weak-linear,gdp,-0.07,6
35,mid-linear,gdp,0.36,2
72,weak-linear,gdp,0.0,4
114,weak-linear,gdp,0.0,4
229,weak-linear,gdp,-0.15,4
186,weak-linear,gdp,0.05,2
230,weak-linear,gdp,0.04,5
157,mid-linear,gdp,-0.46,3
51,weak-linear,gdp,-0.17,5
213,weak-linear,gdp,0.22,3
215,weak-linear,gdp,-0.0,5
15,weak-linear,gdp,-0.13,6
144,weak-linear,gdp,0.02,4
231,weak-linear,gdp,0.21,5
203,weak-linear,gdp,0.17,4
202,weak-linear,gdp,0.15,5
234,weak-linear,gdp,-0.07,5
225,weak-linear,gdp,-0.2,4
55,weak-linear,gdp,-0.05,6
233,weak-linear,gdp,-0.08,5
158,weak-linear,gdp,0.08,6
235,weak-linear,gdp,-0.16,4
78,weak-linear,gdp,0.14,3
239,weak-linear,gdp,-0.03,4
227,weak-linear,gdp,0.07,5
205,weak-linear,gdp,0.0,4
23,weak-linear,gdp,-0.17,5
24,weak-linear,gdp,0.11,5
109,weak-linear,gdp,0.05,6
22,weak-linear,gdp,0.0,4
86,weak-linear,gdp,0.0,4
32,weak-linear,gdp,0.1,5
120,weak-linear,gdp,-0.03,6
137,weak-linear,gdp,-0.12,3
245,weak-linear,gdp,0.09,6
121,weak-linear,gdp,0.08,5
66,weak-linear,gdp,0.03,4
228,weak-linear,gdp,0.0,6
34,weak-linear,gdp,0.0,4
238,weak-linear,gdp,0.0,5
80,weak-linear,gdp,0.0,4
127,weak-linear,gdp,0.0,4
81,weak-linear,gdp,0.0,4
171,weak-linear,gdp,0.0,4
240,weak-linear,gdp,0.0,4
124,weak-linear,gdp,0.0,4
161,weak-linear,gdp,0.0,4
26,weak-linear,gdp,0.0,5
83,weak-linear,gdp,0.0,4
87,weak-linear,gdp,0.0,4
139,weak-linear,gni,0.0,4
193,mid-linear,gni,-0.42,3
0,weak-linear,gni,-0.03,7
96,weak-linear,gni,0.12,5
148,weak-linear,gni,-0.29,3
218,mid-linear,gni,-0.59,1
209,weak-linear,gni,-0.21,4
150,weak-linear,gni,-0.11,6
140,mid-linear,gni,-0.68,3
64,weak-linear,gni,0.0,4
210,weak-linear,gni,-0.04,6
88,mid-linear,gni,0.38,3
43,weak-linear,gni,0.04,6
38,weak-linear,gni,0.11,6
99,weak-linear,gni,0.17,6
128,weak-linear,gni,0.11,5
167,weak-linear,gni,0.22,4
8,weak-linear,gni,-0.26,4
129,weak-linear,gni,-0.13,5
30,mid-linear,gni,-0.34,5
113,weak-linear,gni,0.18,5
31,weak-linear,gni,-0.24,5
100,mid-linear,gni,-0.34,4
122,weak-linear,gni,-0.11,7
101,mid-linear,gni,0.31,4
33,weak-linear,gni,0.0,4
89,mid-linear,gni,-0.38,4
196,weak-linear,gni,0.25,5
68,weak-linear,gni,0.18,5
151,weak-linear,gni,-0.22,6
168,weak-linear,gni,0.0,4
180,mid-linear,gni,-0.32,4
71,mid-linear,gni,-0.53,3
102,weak-linear,gni,-0.1,6
1,mid-linear,gni,0.3,3
90,mid-linear,gni,0.59,7
181,weak-linear,gni,0.11,5
39,weak-linear,gni,-0.19,6
224,weak-linear,gni,-0.15,6
183,weak-linear,gni,0.24,6
211,weak-linear,gni,-0.18,6
36,weak-linear,gni,0.01,5
47,weak-linear,gni,0.22,5
212,weak-linear,gni,-0.1,6
48,mid-linear,gni,-0.37,4
198,weak-linear,gni,0.0,7
91,weak-linear,gni,0.12,7
49,weak-linear,gni,-0.28,4
105,weak-linear,gni,0.14,5
74,weak-linear,gni,0.19,3
92,weak-linear,gni,0.02,7
169,weak-linear,gni,-0.2,6
184,weak-linear,gni,-0.03,7
142,weak-linear,gni,0.23,5
130,weak-linear,gni,0.18,4
153,weak-linear,gni,-0.19,6
185,weak-linear,gni,-0.21,5
154,weak-linear,gni,0.08,6
200,weak-linear,gni,-0.23,4
75,mid-linear,gni,-0.4,4
125,weak-linear,gni,0.08,5
155,weak-linear,gni,0.0,4
117,weak-linear,gni,-0.08,7
14,weak-linear,gni,-0.02,6
156,weak-linear,gni,-0.23,4
118,weak-linear,gni,0.0,4
131,weak-linear,gni,0.0,5
187,weak-linear,gni,0.2,5
40,weak-linear,gni,0.0,4
2,weak-linear,gni,0.0,4
188,weak-linear,gni,0.21,4
214,weak-linear,gni,0.0,4
16,weak-linear,gni,-0.15,5
132,weak-linear,gni,0.02,7
52,weak-linear,gni,0.0,4
201,weak-linear,gni,-0.21,6
53,weak-linear,gni,0.02,6
17,weak-linear,gni,0.06,7
93,weak-linear,gni,0.14,5
126,mid-linear,gni,-0.44,2
3,weak-linear,gni,-0.09,6
19,weak-linear,gni,-0.26,6
133,weak-linear,gni,-0.12,7
41,weak-linear,gni,0.16,5
145,mid-linear,gni,0.55,2
216,weak-linear,gni,-0.13,6
222,weak-linear,gni,0.2,5
94,weak-linear,gni,0.18,7
54,weak-linear,gni,-0.26,4
189,mid-linear,gni,-0.49,1
146,weak-linear,gni,0.04,7
95,weak-linear,gni,0.06,7
226,weak-linear,gni,-0.05,6
106,weak-linear,gni,-0.26,4
107,mid-linear,gni,0.38,4
134,weak-linear,gni,-0.18,5
170,weak-linear,gni,0.08,7
204,weak-linear,gni,0.24,5
159,weak-linear,gni,0.0,4
172,weak-linear,gni,0.15,4
173,mid-linear,gni,0.3,5
21,mid-linear,gni,-0.33,5
242,weak-linear,gni,-0.01,7
37,weak-linear,gni,-0.12,6
160,weak-linear,gni,-0.0,4
57,weak-linear,gni,-0.26,3
206,weak-linear,gni,0.0,7
58,weak-linear,gni,-0.05,7
135,weak-linear,gni,-0.04,6
174,weak-linear,gni,0.0,4
207,weak-linear,gni,0.16,5
42,weak-linear,gni,0.17,6
208,weak-linear,gni,-0.16,4
147,weak-linear,gni,-0.11,6
4,weak-linear,gni,0.0,4
191,weak-linear,gni,-0.19,4
217,weak-linear,gni,0.2,6
162,weak-linear,gni,-0.07,5
119,weak-linear,gni,0.14,7
136,weak-linear,gni,0.24,5
59,mid-linear,gni,-0.45,3
244,weak-linear,gni,-0.0,4
85,weak-linear,gni,0.24,3
5,mid-linear,gni,-0.51,4
163,mid-linear,gni,-0.32,3
25,weak-linear,gni,-0.25,5
175,weak-linear,gni,0.16,5
164,weak-linear,gni,0.08,5
192,mid-linear,gni,-0.36,6
116,weak-linear,gni,-0.28,5
110,mid-linear,gni,-0.34,3
138,weak-linear,gni,0.0,5
165,weak-linear,gni,0.0,4
27,weak-linear,gni,0.26,5
28,weak-linear,gni,-0.03,5
62,weak-linear,gni,0.01,5
29,weak-linear,gni,-0.08,6
194,weak-linear,gni,-0.16,5
237,weak-linear,gni,0.0,5
61,weak-linear,gni,0.26,3
149,mid-linear,gni,-0.45,1
44,weak-linear,gni,-0.2,5
63,weak-linear,gni,0.0,4
195,weak-linear,gni,-0.06,5
166,mid-linear,gni,0.37,4
112,weak-linear,gni,0.0,4
141,weak-linear,gni,-0.02,6
9,weak-linear,gni,-0.19,5
45,weak-linear,gni,-0.05,4
67,weak-linear,gni,0.13,3
10,weak-linear,gni,0.05,4
70,weak-linear,gni,-0.03,5
11,weak-linear,gni,-0.07,3
12,weak-linear,gni,-0.07,5
182,weak-linear,gni,0.0,4
152,mid-linear,gni,0.4,3
197,weak-linear,gni,0.0,5
50,weak-linear,gni,-0.1,5
35,weak-linear,gni,0.26,6
72,weak-linear,gni,0.0,4
114,weak-linear,gni,0.0,4
229,weak-linear,gni,-0.19,3
186,weak-linear,gni,0.05,2
230,weak-linear,gni,0.03,6
157,mid-linear,gni,-0.44,5
51,weak-linear,gni,-0.16,6
213,weak-linear,gni,0.23,2
215,weak-linear,gni,0.0,5
15,weak-linear,gni,-0.16,5
144,weak-linear,gni,0.0,6
231,mid-linear,gni,0.38,4
203,weak-linear,gni,0.29,2
202,weak-linear,gni,0.16,4
234,strong-linear,gni,-0.71,3
225,mid-linear,gni,-0.32,3
55,weak-linear,gni,-0.07,5
233,weak-linear,gni,-0.07,6
158,weak-linear,gni,-0.12,5
235,weak-linear,gni,-0.12,5
78,weak-linear,gni,0.14,3
239,weak-linear,gni,-0.27,2
227,weak-linear,gni,0.07,5
205,weak-linear,gni,0.0,4
23,weak-linear,gni,-0.23,4
24,weak-linear,gni,0.1,6
109,weak-linear,gni,0.06,5
22,weak-linear,gni,-0.0,4
86,weak-linear,gni,0.0,4
32,weak-linear,gni,0.07,6
120,weak-linear,gni,-0.11,5
137,weak-linear,gni,-0.06,4
245,weak-linear,gni,0.17,4
121,weak-linear,gni,0.15,4
66,weak-linear,gni,-0.05,2
228,weak-linear,gni,0.15,5
34,weak-linear,gni,0.0,4
238,weak-linear,gni,0.0,5
80,weak-linear,gni,0.0,4
127,weak-linear,gni,0.0,4
81,weak-linear,gni,0.0,4
171,weak-linear,gni,0.0,4
240,weak-linear,gni,0.0,4
124,weak-linear,gni,0.0,4
161,weak-linear,gni,0.0,4
26,weak-linear,gni,0.0,5
83,weak-linear,gni,0.0,4
87,weak-linear,gni,0.0,4
139,weak-linear,population,0.0,4
193,mid-linear,population,0.55,1
0,mid-linear,population,0.35,4
96,mid-linear,population,0.68,1
148,strong-linear,population,-0.87,2
218,weak-linear,population,-0.2,5
209,weak-linear,population,0.07,7
150,weak-linear,population,0.22,3
140,strong-linear,population,0.97,1
64,weak-linear,population,0.0,4
210,mid-linear,population,-0.44,2
88,weak-linear,population,0.28,4
43,strong-linear,population,-0.74,2
38,mid-linear,population,0.63,2
99,strong-linear,population,1.0,1
128,strong-linear,population,0.99,1
167,weak-linear,population,0.16,6
8,weak-linear,population,0.08,7
129,mid-linear,population,0.56,2
30,mid-linear,population,0.56,3
113,weak-linear,population,-0.22,4
31,strong-linear,population,0.81,1
100,mid-linear,population,-0.46,3
122,strong-linear,population,-0.92,1
101,strong-linear,population,0.82,2
33,weak-linear,population,0.0,4
89,mid-linear,population,-0.51,3
196,mid-linear,population,0.3,4
68,weak-linear,population,-0.21,4
151,strong-linear,population,-0.72,1
168,weak-linear,population,0.0,4
180,weak-linear,population,0.25,5
71,strong-linear,population,-0.98,1
102,mid-linear,population,0.38,3
1,mid-linear,population,-0.46,1
90,strong-linear,population,0.84,1
181,mid-linear,population,0.55,1
39,mid-linear,population,-0.69,1
224,mid-linear,population,-0.54,3
183,mid-linear,population,-0.63,2
211,mid-linear,population,-0.33,5
36,mid-linear,population,-0.34,3
47,strong-linear,population,0.71,1
212,mid-linear,population,-0.38,5
48,strong-linear,population,0.82,1
198,strong-linear,population,-0.83,2
91,strong-linear,population,0.98,1
49,weak-linear,population,-0.0,7
105,mid-linear,population,-0.48,3
74,strong-linear,population,0.89,1
92,strong-linear,population,0.91,1
169,mid-linear,population,-0.4,3
184,weak-linear,population,0.26,3
142,strong-linear,population,-0.98,1
130,weak-linear,population,-0.03,6
153,weak-linear,population,-0.03,7
185,weak-linear,population,0.24,4
154,mid-linear,population,-0.52,2
200,weak-linear,population,-0.11,5
75,strong-linear,population,-0.82,1
125,mid-linear,population,-0.62,1
155,weak-linear,population,0.0,4
117,weak-linear,population,0.26,4
14,mid-linear,population,0.63,1
156,mid-linear,population,0.43,2
118,weak-linear,population,0.0,4
131,weak-linear,population,0.0,5
187,weak-linear,population,0.19,6
40,weak-linear,population,-0.0,4
2,weak-linear,population,0.0,4
188,mid-linear,population,-0.41,1
214,weak-linear,population,0.0,4
16,mid-linear,population,-0.66,1
132,strong-linear,population,0.83,1
52,weak-linear,population,0.0,4
201,strong-linear,population,0.86,1
53,strong-linear,population,-0.72,1
17,strong-linear,population,0.93,1
93,strong-linear,population,0.91,2
126,strong-linear,population,-0.8,1
3,mid-linear,population,-0.35,4
19,mid-linear,population,0.39,3
133,strong-linear,population,0.89,1
41,mid-linear,population,0.56,2
145,strong-linear,population,-0.8,1
216,mid-linear,population,-0.51,1
222,mid-linear,population,-0.35,4
94,strong-linear,population,0.9,1
54,strong-linear,population,-0.96,1
189,weak-linear,population,-0.19,5
146,strong-linear,population,0.96,1
95,strong-linear,population,0.93,1
226,strong-linear,population,0.78,1
106,strong-linear,population,0.94,1
107,mid-linear,population,0.4,3
134,strong-linear,population,0.83,2
170,weak-linear,population,-0.23,6
204,weak-linear,population,-0.09,7
159,weak-linear,population,0.0,4
172,weak-linear,population,0.12,5
173,mid-linear,population,0.4,2
21,mid-linear,population,-0.51,3
242,weak-linear,population,0.28,2
37,weak-linear,population,0.16,5
160,weak-linear,population,0.0,4
57,weak-linear,population,-0.18,6
206,mid-linear,population,-0.47,3
58,mid-linear,population,-0.44,4
135,weak-linear,population,0.15,3
174,weak-linear,population,0.0,4
207,mid-linear,population,0.56,2
42,mid-linear,population,0.66,1
208,weak-linear,population,0.06,6
147,weak-linear,population,0.25,2
4,weak-linear,population,0.0,4
191,mid-linear,population,0.38,3
217,mid-linear,population,0.32,5
162,mid-linear,population,-0.68,3
119,strong-linear,population,0.78,2
136,strong-linear,population,-0.92,1
59,weak-linear,population,-0.15,7
244,weak-linear,population,-0.0,4
85,weak-linear,population,-0.2,5
5,mid-linear,population,-0.68,3
163,weak-linear,population,-0.25,4
25,mid-linear,population,-0.54,1
175,weak-linear,population,-0.04,7
164,weak-linear,population,-0.04,7
192,strong-linear,population,0.8,1
116,strong-linear,population,-0.89,1
110,strong-linear,population,-0.79,1
138,weak-linear,population,0.0,5
165,weak-linear,population,0.0,4
27,strong-linear,population,-0.72,1
28,weak-linear,population,0.0,7
62,mid-linear,population,0.33,2
29,weak-linear,population,-0.22,4
194,mid-linear,population,-0.38,4
237,strong-linear,population,0.8,1
61,strong-linear,population,0.84,1
149,weak-linear,population,-0.16,6
44,mid-linear,population,-0.65,2
63,weak-linear,population,-0.0,4
195,mid-linear,population,-0.65,2
166,weak-linear,population,0.08,6
112,weak-linear,population,0.0,4
141,weak-linear,population,0.27,3
9,strong-linear,population,0.92,1
45,mid-linear,population,-0.47,2
67,strong-linear,population,0.83,1
10,weak-linear,population,-0.11,3
70,weak-linear,population,-0.06,4
11,weak-linear,population,-0.18,2
12,mid-linear,population,-0.49,3
182,weak-linear,population,-0.0,4
152,mid-linear,population,0.47,2
197,weak-linear,population,0.0,5
50,strong-linear,population,-0.78,1
35,weak-linear,population,-0.29,3
72,weak-linear,population,0.0,4
114,weak-linear,population,0.0,4
229,weak-linear,population,-0.28,2
186,mid-linear,population,0.37,1
230,weak-linear,population,-0.15,4
157,weak-linear,population,-0.24,6
51,weak-linear,population,0.21,4
213,weak-linear,population,-0.07,5
215,weak-linear,population,-0.0,5
15,strong-linear,population,0.79,2
144,weak-linear,population,0.01,5
231,weak-linear,population,-0.1,6
203,weak-linear,population,-0.02,6
202,weak-linear,population,-0.04,6
234,weak-linear,population,0.11,4
225,mid-linear,population,-0.62,2
55,mid-linear,population,-0.69,1
233,weak-linear,population,0.18,4
158,mid-linear,population,-0.44,4
235,weak-linear,population,0.01,6
78,mid-linear,population,-0.57,1
239,weak-linear,population,-0.08,3
227,mid-linear,population,0.5,3
205,weak-linear,population,-0.0,4
23,mid-linear,population,-0.44,3
24,weak-linear,population,0.2,4
109,weak-linear,population,0.27,4
22,weak-linear,population,-0.0,4
86,weak-linear,population,0.0,4
32,mid-linear,population,0.54,3
120,mid-linear,population,-0.3,4
137,weak-linear,population,0.14,2
245,weak-linear,population,-0.1,5
121,mid-linear,population,-0.51,2
66,mid-linear,population,-0.63,1
228,mid-linear,population,-0.43,2
34,weak-linear,population,0.0,4
238,weak-linear,population,0.0,5
80,weak-linear,population,0.0,4
127,weak-linear,population,0.0,4
81,weak-linear,population,0.0,4
171,weak-linear,population,0.0,4
240,weak-linear,population,0.0,4
124,weak-linear,population,0.0,4
161,weak-linear,population,0.0,4
26,weak-linear,population,0.0,5
83,weak-linear,population,0.0,4
87,weak-linear,population,0.0,4
139,weak-linear,unemployment,0.0,4
193,mid-linear,unemployment,-0.48,2
0,strong-linear,unemployment,-0.95,1
96,mid-linear,unemployment,0.48,2
148,strong-linear,unemployment,-0.92,1
218,mid-linear,unemployment,0.54,2
209,mid-linear,unemployment,0.62,2
150,mid-linear,unemployment,0.64,1
140,strong-linear,unemployment,-0.8,2
64,weak-linear,unemployment,-0.0,4
210,mid-linear,unemployment,0.42,3
88,strong-linear,unemployment,0.73,1
43,mid-linear,unemployment,0.52,3
38,weak-linear,unemployment,0.28,4
99,mid-linear,unemployment,-0.44,3
128,weak-linear,unemployment,-0.0,7
167,strong-linear,unemployment,-0.74,1
8,mid-linear,unemployment,-0.61,2
129,strong-linear,unemployment,0.78,1
30,strong-linear,unemployment,0.92,1
113,strong-linear,unemployment,0.7,1
31,mid-linear,unemployment,0.62,3
100,weak-linear,unemployment,0.11,7
122,strong-linear,unemployment,0.88,2
101,weak-linear,unemployment,0.16,7
33,weak-linear,unemployment,0.0,4
89,strong-linear,unemployment,0.77,1
196,weak-linear,unemployment,0.07,7
68,strong-linear,unemployment,-0.81,2
151,mid-linear,unemployment,0.54,3
168,weak-linear,unemployment,-0.0,4
180,weak-linear,unemployment,-0.18,7
71,weak-linear,unemployment,0.09,7
102,weak-linear,unemployment,0.13,4
1,weak-linear,unemployment,-0.26,4
90,strong-linear,unemployment,0.81,2
181,weak-linear,unemployment,-0.09,6
39,weak-linear,unemployment,0.26,5
224,strong-linear,unemployment,0.76,2
183,mid-linear,unemployment,-0.45,3
211,mid-linear,unemployment,-0.52,3
36,strong-linear,unemployment,-0.8,1
47,mid-linear,unemployment,0.5,2
212,mid-linear,unemployment,-0.4,4
48,weak-linear,unemployment,0.28,5
198,mid-linear,unemployment,0.68,3
91,weak-linear,unemployment,-0.19,6
49,mid-linear,unemployment,0.64,2
105,strong-linear,unemployment,-0.8,1
74,mid-linear,unemployment,-0.47,2
92,strong-linear,unemployment,-0.87,2
169,mid-linear,unemployment,-0.39,4
184,weak-linear,unemployment,0.19,4
142,weak-linear,unemployment,0.01,7
130,strong-linear,unemployment,-0.92,1
153,mid-linear,unemployment,0.43,4
185,mid-linear,unemployment,-0.34,2
154,weak-linear,unemployment,-0.06,7
200,weak-linear,unemployment,-0.1,6
75,mid-linear,unemployment,-0.69,2
125,weak-linear,unemployment,-0.18,3
155,weak-linear,unemployment,-0.0,4
117,mid-linear,unemployment,-0.42,2
14,weak-linear,unemployment,-0.05,5
156,mid-linear,unemployment,0.65,1
118,weak-linear,unemployment,-0.0,4
131,strong-linear,unemployment,-1.0,1
187,weak-linear,unemployment,-0.29,3
40,weak-linear,unemployment,0.0,4
2,weak-linear,unemployment,0.0,4
188,mid-linear,unemployment,-0.33,3
214,weak-linear,unemployment,0.0,4
16,mid-linear,unemployment,0.57,2
132,weak-linear,unemployment,0.04,5
52,weak-linear,unemployment,0.0,4
201,strong-linear,unemployment,-0.86,1
53,mid-linear,unemployment,-0.51,3
17,strong-linear,unemployment,0.88,2
93,mid-linear,unemployment,-0.57,3
126,mid-linear,unemployment,0.35,5
3,strong-linear,unemployment,-0.94,1
19,strong-linear,unemployment,-0.94,1
133,mid-linear,unemployment,-0.32,4
41,weak-linear,unemployment,0.11,7
145,mid-linear,unemployment,0.5,3
216,mid-linear,unemployment,-0.31,4
222,strong-linear,unemployment,-0.86,1
94,strong-linear,unemployment,0.73,2
54,weak-linear,unemployment,0.29,3
189,weak-linear,unemployment,0.25,4
146,strong-linear,unemployment,-0.75,2
95,weak-linear,unemployment,-0.16,4
226,mid-linear,unemployment,0.41,3
106,strong-linear,unemployment,0.77,3
107,strong-linear,unemployment,0.74,1
134,weak-linear,unemployment,0.19,4
170,strong-linear,unemployment,-0.7,2
204,mid-linear,unemployment,-0.35,3
159,weak-linear,unemployment,0.0,4
172,mid-linear,unemployment,-0.64,1
173,weak-linear,unemployment,0.0,7
21,strong-linear,unemployment,-0.93,1
242,strong-linear,unemployment,-0.95,1
37,mid-linear,unemployment,0.6,1
160,weak-linear,unemployment,0.0,4
57,mid-linear,unemployment,-0.48,1
206,mid-linear,unemployment,0.32,4
58,strong-linear,unemployment,-0.9,1
135,mid-linear,unemployment,0.46,1
174,weak-linear,unemployment,0.0,4
207,weak-linear,unemployment,-0.11,6
42,mid-linear,unemployment,0.59,2
208,weak-linear,unemployment,-0.16,4
147,strong-linear,unemployment,0.92,1
4,weak-linear,unemployment,-0.0,4
191,weak-linear,unemployment,0.02,6
217,strong-linear,unemployment,0.76,2
162,weak-linear,unemployment,0.0,7
119,strong-linear,unemployment,-0.8,1
136,strong-linear,unemployment,-0.76,2
59,mid-linear,unemployment,0.6,1
244,weak-linear,unemployment,0.0,4
85,weak-linear,unemployment,-0.18,6
5,weak-linear,unemployment,-0.07,6
163,strong-linear,unemployment,0.72,2
25,weak-linear,unemployment,-0.26,3
175,mid-linear,unemployment,0.56,1
164,mid-linear,unemployment,0.44,2
192,mid-linear,unemployment,-0.65,3
116,weak-linear,unemployment,0.19,7
110,weak-linear,unemployment,-0.13,7
138,strong-linear,unemployment,1.0,1
165,weak-linear,unemployment,-0.0,4
27,mid-linear,unemployment,0.55,2
28,mid-linear,unemployment,0.6,1
62,weak-linear,unemployment,0.21,3
29,strong-linear,unemployment,-0.81,1
194,strong-linear,unemployment,-0.92,3
237,weak-linear,unemployment,-0.0,5
61,weak-linear,unemployment,-0.0,6
149,weak-linear,unemployment,-0.25,4
44,strong-linear,unemployment,-0.87,1
63,weak-linear,unemployment,0.0,4
195,strong-linear,unemployment,-0.82,1
166,mid-linear,unemployment,-0.47,2
112,weak-linear,unemployment,0.0,4
141,mid-linear,unemployment,-0.54,1
9,strong-linear,unemployment,-0.91,2
45,weak-linear,unemployment,-0.0,6
67,weak-linear,unemployment,0.0,6
10,weak-linear,unemployment,-0.27,1
70,strong-linear,unemployment,0.88,1
11,weak-linear,unemployment,-0.01,5
12,strong-linear,unemployment,0.93,1
182,strong-linear,unemployment,1.0,1
152,strong-linear,unemployment,0.75,1
197,strong-linear,unemployment,-1.0,1
50,mid-linear,unemployment,0.55,3
35,weak-linear,unemployment,0.28,4
72,weak-linear,unemployment,0.0,4
114,weak-linear,unemployment,0.0,4
229,mid-linear,unemployment,0.46,1
186,weak-linear,unemployment,-0.0,6
230,weak-linear,unemployment,0.2,3
157,mid-linear,unemployment,-0.49,2
51,strong-linear,unemployment,-0.88,1
213,mid-linear,unemployment,-0.38,1
215,strong-linear,unemployment,-1.0,1
15,strong-linear,unemployment,0.87,1
144,mid-linear,unemployment,-0.3,1
231,strong-linear,unemployment,-1.0,1
203,strong-linear,unemployment,-0.86,1
202,strong-linear,unemployment,-0.98,1
234,strong-linear,unemployment,0.98,1
225,strong-linear,unemployment,-0.82,1
55,mid-linear,unemployment,-0.67,2
233,strong-linear,unemployment,-0.87,1
158,strong-linear,unemployment,0.97,1
235,mid-linear,unemployment,-0.33,2
78,mid-linear,unemployment,-0.39,2
239,strong-linear,unemployment,0.91,1
227,strong-linear,unemployment,0.86,1
205,strong-linear,unemployment,1.0,1
23,mid-linear,unemployment,0.66,2
24,mid-linear,unemployment,-0.61,2
109,mid-linear,unemployment,0.33,3
22,strong-linear,unemployment,1.0,1
86,weak-linear,unemployment,0.0,4
32,strong-linear,unemployment,-0.98,1
120,mid-linear,unemployment,-0.36,3
137,weak-linear,unemployment,0.0,6
245,strong-linear,unemployment,0.74,2
121,weak-linear,unemployment,-0.26,3
66,weak-linear,unemployment,0.03,4
228,mid-linear,unemployment,0.35,3
34,weak-linear,unemployment,0.0,4
238,strong-linear,unemployment,-1.0,1
80,weak-linear,unemployment,0.0,4
127,weak-linear,unemployment,0.0,4
81,weak-linear,unemployment,0.0,4
171,weak-linear,unemployment,0.0,4
240,weak-linear,unemployment,0.0,4
124,weak-linear,unemployment,0.0,4
161,weak-linear,unemployment,0.0,4
26,strong-linear,unemployment,1.0,1
83,weak-linear,unemployment,0.0,4
87,weak-linear,unemployment,0.0,4
